<?xml version="1.0" encoding="UTF-8"?>
<project-private xmlns="http://www.netbeans.org/ns/project-private/1">
    <editor-bookmarks xmlns="http://www.netbeans.org/ns/editor-bookmarks/2" lastBookmarkId="0"/>
    <open-files xmlns="http://www.netbeans.org/ns/projectui-open-files/2">
        <group>
            <file>file:/C:/Users/Estudiante/Desktop/Ejercicio%232.Lab%234%20-%20copia/src/Auto.java</file>
            <file>file:/C:/Users/Estudiante/Desktop/Ejercicio%232.Lab%234%20-%20copia/src/IngresoVehiculos.java</file>
            <file>file:/C:/Users/Estudiante/Desktop/Ejercicio%232.Lab%234%20-%20copia/src/TablaVehiculos4.java</file>
            <file>file:/C:/Users/Estudiante/Desktop/Ejercicio%232.Lab%234%20-%20copia/src/TablaVehiculos2.java</file>
            <file>file:/C:/Users/Estudiante/Desktop/Ejercicio%232.Lab%234%20-%20copia/src/Interfaz.java</file>
        </group>
    </open-files>
</project-private>
